Order-Id,Item-id,Product-Id,Quantity,Sales-Id,Customer-Id,Sales-Price-Per-Prod,Market-Segment
0,0,16,11,7,26,148,realestate
1,1,12,27,0,20,103,software
2,2,9,2,4,22,55,software
3,3,14,19,4,10,192,realestate
4,4,2,7,3,21,211,education
5,5,12,19,8,20,103,realestate
6,6,0,9,5,29,120,retail
7,7,9,3,0,6,90,retail
8,8,17,17,7,24,205,pharmaceutical
9,9,15,9,7,14,178,software
10,10,2,24,7,5,215,education
11,11,1,20,0,7,235,education
12,12,13,25,2,11,134,financial
13,13,0,13,2,11,122,realestate
14,14,14,11,2,8,183,education
15,15,11,14,8,28,117,pharmaceutical
16,16,10,27,4,28,104,retail
17,17,10,17,9,18,95,software
18,18,15,18,3,2,197,retail
19,19,4,4,6,28,144,software
20,20,7,0,5,18,164,financial
21,21,6,20,1,1,66,retail
22,22,13,16,0,24,131,realestate
23,23,13,10,6,6,93,pharmaceutical
24,24,8,23,8,28,184,financial
25,25,4,24,0,12,137,retail
26,26,14,25,0,27,190,pharmaceutical
27,27,6,9,8,16,50,financial
28,28,15,27,8,16,204,education
29,29,18,17,3,25,97,realestate
30,30,19,15,7,8,88,financial
31,31,8,20,1,26,119,financial
32,32,19,23,5,20,83,financial
33,33,9,0,2,9,105,realestate
34,34,10,3,8,27,120,education
35,35,12,14,0,3,84,software
36,36,4,11,5,27,165,education
37,37,17,6,6,1,183,pharmaceutical
38,38,13,2,9,16,105,retail
39,39,0,2,0,6,123,software
40,40,15,20,7,15,200,realestate
41,41,16,4,4,22,148,retail
42,42,6,26,1,15,62,financial
43,43,0,21,1,21,119,realestate
44,44,18,10,4,4,93,education
45,45,2,6,9,19,211,financial
46,46,5,18,6,0,100,software
47,47,1,0,4,14,233,software
48,48,5,3,8,23,133,pharmaceutical
49,49,3,11,5,3,196,realestate
50,50,12,21,1,15,78,software
51,51,11,14,9,13,120,pharmaceutical
52,52,19,21,9,18,91,pharmaceutical
53,53,6,5,1,6,61,education
54,54,10,7,9,22,103,pharmaceutical
55,55,17,18,7,14,189,realestate
56,56,12,22,4,24,91,financial
57,57,10,24,7,18,152,retail
58,58,8,11,3,8,207,retail
59,59,19,22,8,14,87,financial
60,60,12,2,9,17,95,pharmaceutical
61,61,7,0,8,15,159,financial
62,62,6,12,9,9,77,education
63,63,19,22,8,20,82,education
64,64,17,4,4,15,202,software
65,65,12,26,1,28,87,financial
66,66,0,9,9,8,123,financial
67,67,9,11,6,10,57,retail
68,68,11,17,9,12,96,education
69,69,12,21,1,20,92,software
70,70,4,16,5,0,143,financial
71,71,5,28,8,5,115,software
72,72,5,16,4,25,117,software
73,73,4,10,1,13,187,education
74,74,15,7,5,9,211,education
75,75,3,10,6,5,173,financial
76,76,16,3,4,6,156,financial
77,77,15,27,2,8,198,pharmaceutical
78,78,1,9,1,7,226,realestate
79,79,15,20,2,21,217,education
80,80,4,17,2,25,135,retail
81,81,8,22,8,3,186,education
82,82,12,18,6,24,108,software
83,83,2,6,4,15,215,pharmaceutical
84,84,6,17,7,6,82,retail
85,85,13,17,5,22,108,financial
86,86,13,21,4,18,139,financial
87,87,5,7,6,11,96,education
88,88,1,3,6,22,221,pharmaceutical
89,89,1,5,2,12,203,education
90,90,14,28,3,7,196,realestate
91,91,1,15,2,10,169,pharmaceutical
92,92,1,21,0,25,217,retail
93,93,10,16,1,17,154,realestate
94,94,3,6,4,16,203,realestate
95,95,5,24,1,3,94,pharmaceutical
96,96,2,7,4,6,199,realestate
97,97,17,27,0,8,189,financial
98,98,19,1,0,4,94,retail
99,99,12,1,1,17,95,financial
100,100,0,25,1,22,120,education
101,101,2,17,6,6,200,education
102,102,12,7,0,14,107,education
103,103,18,29,2,16,78,software
104,104,2,10,1,9,217,financial
105,105,18,28,4,21,100,retail
106,106,6,2,9,26,80,financial
107,107,14,5,6,21,199,retail
108,108,17,15,3,6,183,retail
109,109,8,16,0,8,141,software
110,110,6,20,5,11,77,retail
111,111,1,5,7,12,226,education
112,112,15,19,5,25,193,software
113,113,5,27,2,15,101,software
114,114,7,24,7,18,164,realestate
115,115,19,0,1,8,105,realestate
116,116,17,14,5,3,202,software
117,117,9,24,0,28,101,software
118,118,18,22,6,0,92,retail
119,119,0,8,6,2,122,retail
120,120,12,11,4,21,78,pharmaceutical
121,121,12,20,2,14,79,education
122,122,8,24,3,5,174,pharmaceutical
123,123,9,9,8,1,70,retail
124,124,7,17,1,24,135,software
125,125,5,17,8,22,139,realestate
126,126,19,19,6,16,77,financial
127,127,13,26,8,26,94,pharmaceutical
128,128,14,9,2,20,192,pharmaceutical
129,129,3,22,6,19,209,financial
130,130,11,7,4,25,137,retail
131,131,19,27,8,16,111,education
132,132,9,16,0,0,75,financial
133,133,17,4,7,27,204,education
134,134,10,17,8,28,102,software
135,135,6,22,8,14,44,retail
136,136,16,12,8,22,162,software
137,137,15,21,8,13,193,retail
138,138,16,3,1,27,154,realestate
139,139,5,25,1,16,121,retail
140,140,9,24,6,12,90,education
141,141,15,1,8,27,201,pharmaceutical
142,142,10,24,4,21,110,realestate
143,143,16,23,0,26,148,retail
144,144,4,3,7,12,140,realestate
145,145,1,15,4,11,226,realestate
146,146,9,22,6,12,88,education
147,147,8,14,4,28,173,education
148,148,15,14,0,13,190,financial
149,149,5,19,5,24,99,financial
150,150,16,10,6,0,153,retail
151,151,7,2,2,0,119,financial
152,152,9,4,5,4,86,retail
153,153,16,17,5,28,154,retail
154,154,14,19,2,7,197,retail
155,155,4,14,4,22,135,retail
156,156,17,2,5,25,199,financial
157,157,18,6,6,3,96,realestate
158,158,6,2,8,27,80,software
159,159,3,22,7,28,192,education
160,160,4,3,9,8,190,software
161,161,2,21,5,5,199,realestate
162,162,4,16,1,12,185,software
163,163,4,12,2,11,191,software
164,164,5,27,0,8,97,software
165,165,11,10,7,19,126,pharmaceutical
166,166,9,28,2,14,75,pharmaceutical
167,167,6,0,9,9,85,retail
168,168,5,22,5,0,128,realestate
169,169,3,29,0,28,205,financial
170,170,19,25,9,29,79,pharmaceutical
171,171,15,4,5,1,190,realestate
172,172,6,6,8,2,80,realestate
173,173,14,29,2,18,192,retail
174,174,4,21,8,12,140,realestate
175,175,3,20,7,10,201,pharmaceutical
176,176,13,17,5,5,100,retail
177,177,13,29,5,20,117,pharmaceutical
178,178,15,18,5,24,206,software
179,179,6,5,8,25,44,software
180,180,16,3,9,14,154,financial
181,181,2,8,5,17,213,realestate
182,182,15,23,2,9,211,retail
183,183,4,15,0,10,168,realestate
184,184,7,10,6,6,138,financial
185,185,8,17,4,1,139,financial
186,186,8,25,6,15,122,realestate
187,187,12,2,2,7,95,financial
188,188,3,15,8,8,172,realestate
189,189,0,28,7,23,122,education
190,190,7,11,6,3,122,retail
191,191,12,3,4,10,86,software
192,192,17,3,9,19,194,realestate
193,193,0,8,4,9,121,pharmaceutical
194,194,14,9,7,22,191,software
195,195,8,0,9,4,137,pharmaceutical
196,196,13,12,4,19,143,realestate
197,197,19,22,5,28,76,financial
198,198,19,3,2,29,84,software
199,199,1,5,8,10,204,financial
200,200,2,14,0,24,205,realestate
201,201,17,16,2,0,195,financial
202,202,5,7,2,7,97,education
203,203,18,4,9,12,89,financial
204,204,14,24,2,0,192,software
205,205,12,24,4,24,83,software
206,206,6,7,5,28,44,education
207,207,15,29,2,23,220,education
208,208,19,0,7,13,75,financial
209,209,5,21,8,1,131,realestate
210,210,15,17,2,4,178,software
211,211,10,26,5,27,98,education
212,212,5,28,1,12,98,education
213,213,14,2,2,0,187,pharmaceutical
214,214,13,22,8,9,108,retail
215,215,6,17,3,13,66,financial
216,216,12,14,9,14,103,software
217,217,14,18,3,1,192,pharmaceutical
218,218,18,21,7,5,70,pharmaceutical
219,219,18,27,7,13,65,education
220,220,2,11,1,25,216,realestate
221,221,3,7,1,28,213,retail
222,222,3,8,3,23,174,financial
223,223,0,15,0,14,119,pharmaceutical
224,224,5,4,1,3,117,pharmaceutical
225,225,15,14,4,26,179,retail
226,226,14,0,1,14,186,financial
227,227,7,22,5,23,158,retail
228,228,19,24,0,5,94,retail
229,229,13,22,8,8,88,realestate
230,230,12,8,6,11,98,pharmaceutical
231,231,12,26,0,5,89,pharmaceutical
232,232,7,17,7,9,120,education
233,233,2,19,9,3,206,software
234,234,8,5,2,3,147,software
235,235,16,6,7,14,160,financial
236,236,12,17,9,18,98,retail
237,237,13,25,3,7,103,retail
238,238,12,28,1,23,88,software
239,239,7,29,7,22,159,pharmaceutical
240,240,18,6,9,29,78,retail
241,241,16,13,0,24,159,financial
242,242,6,14,0,2,73,financial
243,243,14,5,5,19,179,realestate
244,244,5,20,1,27,136,realestate
245,245,11,4,5,11,136,pharmaceutical
246,246,7,29,1,16,138,realestate
247,247,10,23,8,12,112,pharmaceutical
248,248,10,26,8,8,108,retail
249,249,7,1,0,9,134,retail
250,250,4,3,5,24,159,realestate
251,251,2,19,9,12,215,education
252,252,1,24,2,19,166,retail
253,253,7,6,4,20,154,pharmaceutical
254,254,1,25,1,21,218,financial
255,255,13,9,8,17,99,retail
256,256,16,3,8,11,149,education
257,257,11,27,3,0,126,education
258,258,6,18,4,27,75,realestate
259,259,5,7,4,16,133,education
260,260,6,4,9,11,59,financial
261,261,5,13,5,27,120,software
262,262,5,21,9,24,121,financial
263,263,6,24,1,9,52,pharmaceutical
264,264,4,20,4,18,192,software
265,265,14,15,9,21,199,retail
266,266,10,25,0,27,143,software
267,267,11,27,7,11,117,realestate
268,268,13,22,0,1,127,pharmaceutical
269,269,2,16,3,10,202,software
270,270,3,12,8,29,191,realestate
271,271,19,19,9,16,82,pharmaceutical
272,272,14,10,7,27,197,realestate
273,273,11,16,1,3,107,pharmaceutical
274,274,8,14,0,24,187,education
275,275,11,20,2,16,101,realestate
276,276,4,5,1,16,188,software
277,277,3,0,5,18,167,education
278,278,0,2,5,3,119,pharmaceutical
279,279,19,12,6,20,90,realestate
280,280,18,22,0,23,72,realestate
281,281,10,20,3,5,95,financial
282,282,6,22,3,6,81,education
283,283,4,21,6,1,188,pharmaceutical
284,284,0,25,4,7,123,education
285,285,13,9,9,18,109,pharmaceutical
286,286,1,20,0,13,160,education
287,287,1,4,3,1,190,realestate
288,288,18,28,6,10,84,pharmaceutical
289,289,10,25,4,11,141,financial
290,290,11,6,3,27,98,financial
291,291,14,14,1,7,182,retail
292,292,18,17,7,2,72,pharmaceutical
293,293,7,28,2,8,137,realestate
294,294,5,28,4,15,115,retail
295,295,7,13,1,4,164,software
296,296,4,8,7,24,173,pharmaceutical
297,297,8,9,5,17,142,software
298,298,17,25,1,12,189,retail
299,299,17,3,1,8,200,retail
300,300,4,18,8,12,178,financial
301,301,9,10,8,13,51,financial
302,302,11,18,6,2,127,realestate
303,303,12,1,8,26,91,pharmaceutical
304,304,2,20,5,14,203,education
305,305,6,7,8,8,76,retail
306,306,17,18,3,18,184,software
307,307,9,10,7,14,88,pharmaceutical
308,308,11,0,7,17,128,pharmaceutical
309,309,8,11,1,12,180,pharmaceutical
310,310,5,0,0,22,128,pharmaceutical
311,311,6,0,0,12,50,financial
312,312,0,25,8,9,120,financial
313,313,17,10,9,23,196,retail
314,314,4,28,4,21,175,financial
315,315,16,7,7,4,157,pharmaceutical
316,316,7,7,2,11,164,pharmaceutical
317,317,19,7,0,21,115,software
318,318,13,10,9,22,136,retail
319,319,8,12,7,24,127,software
320,320,14,3,7,16,184,retail
321,321,6,27,0,28,54,education
322,322,9,29,8,26,61,financial
323,323,14,14,0,21,196,realestate
324,324,16,17,9,28,156,pharmaceutical
325,325,16,9,2,1,161,software
326,326,9,17,5,3,93,financial
327,327,4,29,6,13,133,realestate
328,328,4,29,0,10,173,software
329,329,9,7,5,18,80,education
330,330,19,29,1,5,77,financial
331,331,3,8,0,13,176,financial
332,332,17,1,4,13,199,education
333,333,16,21,8,14,161,software
334,334,11,9,3,5,107,software
335,335,17,5,6,5,189,realestate
336,336,15,10,5,23,195,realestate
337,337,12,11,7,4,109,retail
338,338,17,22,1,28,190,retail
339,339,12,29,9,4,96,financial
340,340,4,29,2,2,150,financial
341,341,13,28,4,0,142,financial
342,342,1,8,9,25,233,education
343,343,10,2,2,27,155,pharmaceutical
344,344,15,23,8,22,201,software
345,345,9,16,4,14,65,pharmaceutical
346,346,18,6,5,1,54,financial
347,347,1,13,2,12,234,realestate
348,348,7,0,3,18,127,pharmaceutical
349,349,11,28,4,5,103,retail
350,350,2,19,2,4,213,realestate
351,351,5,10,1,9,130,realestate
352,352,13,2,9,6,146,realestate
353,353,11,16,3,3,98,financial
354,354,16,0,5,15,148,software
355,355,1,22,1,8,208,software
356,356,11,25,4,1,136,pharmaceutical
357,357,10,18,2,25,133,software
358,358,1,23,0,5,173,education
359,359,8,11,1,13,197,financial
360,360,12,24,5,2,81,pharmaceutical
361,361,1,24,0,14,157,education
362,362,3,11,9,19,216,realestate
363,363,10,29,0,7,146,education
364,364,4,15,6,13,139,financial
365,365,14,4,2,15,188,financial
366,366,19,25,6,12,106,retail
367,367,19,0,8,18,108,realestate
368,368,9,21,3,25,68,realestate
369,369,10,12,2,4,129,realestate
370,370,9,9,8,0,52,financial
371,371,15,25,1,27,185,realestate
372,372,5,29,9,1,92,software
373,373,11,25,9,19,107,software
374,374,5,28,5,23,126,education
375,375,3,1,2,10,197,pharmaceutical
376,376,9,6,7,18,46,software
377,377,9,23,1,4,88,realestate
378,378,8,3,0,13,190,realestate
379,379,1,28,9,7,199,pharmaceutical
380,380,7,19,5,22,159,pharmaceutical
381,381,8,19,0,0,154,pharmaceutical
382,382,11,14,2,15,104,financial
383,383,12,18,4,24,101,software
384,384,7,13,0,13,147,retail
385,385,6,19,5,5,39,retail
386,386,17,14,1,23,201,retail
387,387,19,29,9,21,99,education
388,388,7,10,5,17,131,retail
389,389,15,1,7,5,188,retail
390,390,4,26,2,3,135,realestate
391,391,16,6,4,19,154,retail
392,392,16,22,9,13,149,education
393,393,7,14,3,4,160,realestate
394,394,8,0,0,19,167,financial
395,395,12,12,7,18,94,retail
396,396,2,27,7,8,199,education
397,397,3,24,4,22,198,pharmaceutical
398,398,4,17,1,4,152,pharmaceutical
399,399,17,13,5,6,199,retail
400,400,0,19,3,21,123,realestate
401,401,12,1,9,18,89,education
402,402,7,12,2,20,145,software
403,403,16,19,3,17,159,software
404,404,18,7,3,1,66,education
405,405,12,26,2,25,109,realestate
406,406,4,27,0,20,184,realestate
407,407,6,3,1,16,51,software
408,408,12,3,4,7,81,pharmaceutical
409,409,11,12,8,4,100,retail
410,410,6,29,9,16,68,software
411,411,10,15,9,15,88,pharmaceutical
412,412,19,9,2,21,75,software
413,413,18,28,1,17,90,retail
414,414,10,10,8,12,103,education
415,415,6,7,2,1,60,software
416,416,12,5,9,8,92,realestate
417,417,11,17,0,24,116,education
418,418,10,28,6,21,129,financial
419,419,15,10,4,8,189,realestate
420,420,4,24,9,4,156,retail
421,421,14,12,0,9,183,education
422,422,7,6,3,16,121,retail
423,423,11,2,2,25,98,financial
424,424,15,11,2,24,201,realestate
425,425,16,28,9,4,162,realestate
426,426,8,5,6,23,122,software
427,427,18,8,0,14,55,realestate
428,428,13,7,5,9,117,financial
429,429,19,29,1,13,91,financial
430,430,6,16,2,21,38,financial
431,431,0,2,4,20,121,realestate
432,432,12,14,1,11,87,education
433,433,13,2,0,8,95,financial
434,434,12,16,5,17,99,retail
435,435,18,12,3,7,96,pharmaceutical
436,436,9,4,8,16,87,pharmaceutical
437,437,13,7,6,24,133,realestate
438,438,0,17,4,20,119,realestate
439,439,14,2,4,11,188,retail
440,440,13,4,3,0,121,financial
441,441,4,26,5,8,189,software
442,442,16,25,1,11,151,software
443,443,6,8,8,18,80,education
444,444,3,7,2,22,202,software
445,445,5,25,9,23,97,software
446,446,11,12,4,1,104,retail
447,447,14,17,0,25,196,financial
448,448,19,26,1,14,91,education
449,449,2,17,6,0,204,financial
450,450,0,12,1,4,119,retail
451,451,3,16,2,16,211,education
452,452,3,24,3,29,188,realestate
453,453,19,11,6,26,95,financial
454,454,1,9,7,26,169,financial
455,455,17,22,3,11,201,education
456,456,2,15,7,22,214,financial
457,457,0,18,1,0,123,retail
458,458,6,16,9,12,85,pharmaceutical
459,459,7,17,5,3,163,realestate
460,460,4,3,1,12,170,education
461,461,6,22,6,26,68,financial
462,462,4,2,0,1,143,retail
463,463,15,1,4,22,184,software
464,464,4,28,7,20,132,software
465,465,6,14,8,29,86,retail
466,466,13,8,7,23,101,retail
467,467,12,12,7,3,105,retail
468,468,4,0,7,5,146,financial
469,469,7,10,4,3,146,retail
470,470,17,18,2,9,205,software
471,471,8,11,0,20,150,financial
472,472,15,1,9,17,205,education
473,473,15,20,3,6,204,financial
474,474,7,12,5,22,152,retail
475,475,3,13,8,2,210,software
476,476,16,22,5,21,151,retail
477,477,17,8,9,15,202,retail
478,478,3,12,0,26,171,pharmaceutical
479,479,5,28,7,19,114,software
480,480,13,13,6,8,141,education
481,481,10,12,8,10,152,financial
482,482,8,1,1,6,184,financial
483,483,9,7,3,25,85,education
484,484,19,26,4,2,102,retail
485,485,18,16,9,2,80,financial
486,486,11,21,7,2,125,retail
487,487,7,20,0,24,135,financial
488,488,6,9,2,6,79,realestate
489,489,14,23,1,19,185,realestate
490,490,18,5,2,25,70,financial
491,491,5,21,2,5,130,realestate
492,492,0,1,5,28,123,pharmaceutical
493,493,12,6,6,9,98,education
494,494,3,6,8,27,204,financial
495,495,2,25,5,5,214,software
496,496,17,21,1,7,183,pharmaceutical
497,497,15,5,9,25,185,pharmaceutical
498,498,8,6,1,20,142,education
499,499,15,27,8,7,178,pharmaceutical
500,500,2,28,6,25,215,retail
501,501,1,22,5,22,187,pharmaceutical
502,502,0,22,0,3,121,retail
503,503,3,3,2,5,193,pharmaceutical
504,504,12,18,2,5,100,software
505,505,2,2,6,0,218,education
506,506,17,11,2,16,189,education
507,507,18,3,8,27,53,education
508,508,5,26,2,13,138,software
509,509,3,15,1,5,178,financial
510,510,9,21,8,28,82,realestate
511,511,10,4,1,28,157,software
512,512,18,6,5,1,99,software
513,513,8,10,2,13,163,financial
514,514,12,28,4,8,100,retail
515,515,19,0,2,1,82,software
516,516,8,3,5,23,199,financial
517,517,12,20,4,14,94,pharmaceutical
518,518,16,20,8,16,148,pharmaceutical
519,519,4,11,0,25,194,education
520,520,16,14,4,18,160,education
521,521,3,19,2,27,199,retail
522,522,3,9,0,8,208,realestate
523,523,11,3,2,18,121,software
524,524,11,26,6,14,136,education
525,525,18,21,6,26,77,pharmaceutical
526,526,14,13,6,12,188,education
527,527,6,25,1,20,51,realestate
528,528,11,10,0,7,103,retail
529,529,15,6,5,24,218,pharmaceutical
530,530,7,5,1,27,166,realestate
531,531,16,14,1,25,149,retail
532,532,12,7,9,9,78,software
533,533,19,24,4,22,90,financial
534,534,8,20,0,29,171,realestate
535,535,11,10,8,1,116,software
536,536,2,22,9,9,214,education
537,537,10,11,4,22,157,pharmaceutical
538,538,15,3,8,26,209,realestate
539,539,0,6,8,3,123,retail
540,540,3,19,4,1,165,software
541,541,10,10,3,23,141,financial
542,542,14,17,1,29,196,pharmaceutical
543,543,5,8,5,25,105,software
544,544,18,21,9,27,76,pharmaceutical
545,545,4,24,2,15,176,financial
546,546,10,19,5,17,138,retail
547,547,7,1,0,2,155,pharmaceutical
548,548,11,24,9,24,112,financial
549,549,3,28,0,5,197,software
550,550,12,21,4,22,94,education
551,551,5,10,9,16,123,retail
552,552,11,5,9,3,104,retail
553,553,11,20,0,3,136,realestate
554,554,19,22,1,28,111,retail
555,555,9,2,3,20,104,education
556,556,0,29,9,2,121,education
557,557,15,5,8,8,204,software
558,558,6,17,8,9,69,software
559,559,2,28,3,20,203,education
560,560,18,22,2,11,100,pharmaceutical
561,561,3,2,4,21,201,software
562,562,8,18,6,17,197,financial
563,563,13,26,5,23,95,retail
564,564,8,21,5,20,147,retail
565,565,17,18,9,18,195,retail
566,566,14,20,4,28,189,education
567,567,9,17,9,16,88,financial
568,568,6,5,2,29,75,retail
569,569,14,27,7,11,181,education
570,570,10,10,9,10,136,realestate
571,571,3,2,4,10,205,pharmaceutical
572,572,4,2,2,20,168,pharmaceutical
573,573,13,15,3,8,121,education
574,574,6,17,6,25,47,realestate
575,575,19,24,6,6,90,realestate
576,576,17,3,8,5,190,realestate
577,577,5,26,8,0,124,financial
578,578,8,9,4,1,116,education
579,579,6,4,2,27,40,pharmaceutical
580,580,3,26,8,0,190,software
581,581,13,24,7,19,145,pharmaceutical
582,582,17,2,5,13,188,education
583,583,13,17,2,5,117,financial
584,584,5,7,3,24,123,financial
585,585,13,9,5,7,141,pharmaceutical
586,586,5,23,1,28,121,financial
587,587,2,10,7,13,206,retail
588,588,3,3,9,20,206,financial
589,589,10,16,3,13,145,retail
590,590,2,8,4,1,212,pharmaceutical
591,591,18,18,0,17,51,financial
592,592,1,27,4,20,165,financial
593,593,6,0,4,11,71,software
594,594,16,4,3,0,157,financial
595,595,11,23,1,23,127,education
596,596,4,9,4,4,174,pharmaceutical
597,597,19,11,9,4,93,realestate
598,598,18,22,8,20,93,education
599,599,1,26,4,25,219,retail
600,600,0,19,4,8,123,pharmaceutical
601,601,11,7,1,14,132,software
602,602,16,25,8,3,159,financial
603,603,0,18,0,28,123,retail
604,604,10,2,3,27,158,financial
605,605,14,26,7,29,195,education
606,606,4,16,3,1,169,retail
607,607,7,12,2,27,129,pharmaceutical
608,608,2,14,1,20,210,education
609,609,16,9,1,11,162,financial
610,610,4,20,2,21,152,education
611,611,12,20,4,1,94,pharmaceutical
612,612,12,14,2,23,90,retail
613,613,17,21,7,22,190,realestate
614,614,9,5,6,9,86,realestate
615,615,16,17,4,1,159,pharmaceutical
616,616,8,7,2,22,204,pharmaceutical
617,617,14,17,1,19,180,retail
618,618,1,15,7,6,187,pharmaceutical
619,619,3,19,9,3,170,realestate
620,620,9,16,8,21,67,realestate
621,621,6,0,4,28,50,software
622,622,19,12,1,19,90,education
623,623,11,5,7,14,119,realestate
624,624,2,15,8,6,208,pharmaceutical
625,625,10,23,8,16,108,software
626,626,8,10,0,21,162,pharmaceutical
627,627,2,3,8,5,215,education
628,628,11,26,6,24,119,retail
629,629,18,28,3,25,56,financial
630,630,15,10,6,1,181,realestate
631,631,17,15,1,15,185,realestate
632,632,7,23,3,16,166,education
633,633,17,27,6,6,183,financial
634,634,14,4,6,20,196,financial
635,635,18,11,9,1,99,realestate
636,636,4,24,2,0,165,pharmaceutical
637,637,0,25,4,20,122,realestate
638,638,4,22,4,11,160,pharmaceutical
639,639,2,8,8,7,219,realestate
640,640,6,26,8,23,53,software
641,641,8,2,9,20,186,retail
642,642,4,12,4,29,146,software
643,643,17,18,9,26,189,education
644,644,2,24,4,21,205,retail
645,645,15,0,1,7,211,retail
646,646,12,14,3,14,78,software
647,647,15,24,0,7,211,retail
648,648,6,26,0,22,85,retail
649,649,9,27,4,16,85,software
650,650,7,4,2,19,163,pharmaceutical
651,651,1,10,9,22,219,retail
652,652,8,29,4,19,198,realestate
653,653,12,24,6,14,89,retail
654,654,12,25,2,12,88,realestate
655,655,0,2,7,23,121,realestate
656,656,7,16,5,22,158,financial
657,657,0,2,0,10,120,software
658,658,7,19,4,7,123,retail
659,659,14,8,9,1,188,software
660,660,18,10,6,20,52,software
661,661,16,3,6,12,162,retail
662,662,14,12,8,13,180,software
663,663,15,0,6,23,206,education
664,664,13,3,7,10,132,financial
665,665,3,2,4,14,215,pharmaceutical
666,666,5,1,5,9,113,financial
667,667,19,19,7,11,101,financial
668,668,11,14,5,10,106,realestate
669,669,4,20,6,20,164,pharmaceutical
670,670,8,24,8,29,175,software
671,671,15,27,5,0,217,financial
672,672,9,9,2,7,84,software
673,673,11,3,9,26,130,pharmaceutical
674,674,2,6,6,14,204,financial
675,675,1,16,4,4,165,pharmaceutical
676,676,6,19,4,10,63,pharmaceutical
677,677,7,9,3,9,148,education
678,678,7,23,4,28,138,financial
679,679,6,22,0,24,48,retail
680,680,7,28,6,11,153,education
681,681,0,26,1,19,119,realestate
682,682,7,7,4,16,153,education
683,683,2,29,5,14,212,retail
684,684,19,9,4,18,86,pharmaceutical
685,685,17,1,2,7,194,pharmaceutical
686,686,6,16,5,5,70,software
687,687,6,12,8,19,41,realestate
688,688,12,4,5,11,94,retail
689,689,3,26,6,18,183,retail
690,690,12,18,2,29,97,pharmaceutical
691,691,19,7,9,3,82,software
692,692,12,0,1,18,102,retail
693,693,15,19,9,11,214,realestate
694,694,18,17,4,8,92,realestate
695,695,19,5,2,24,76,financial
696,696,0,8,8,16,123,software
697,697,11,8,6,18,139,pharmaceutical
698,698,3,22,1,3,203,retail
699,699,10,16,6,6,110,pharmaceutical
700,700,2,9,9,15,206,financial
701,701,8,13,0,8,185,retail
702,702,5,3,1,13,136,software
703,703,2,2,1,4,204,realestate
704,704,19,0,7,12,105,financial
705,705,18,17,0,25,82,realestate
706,706,4,19,0,23,152,realestate
707,707,16,20,1,0,159,financial
708,708,11,27,8,14,114,financial
709,709,13,17,8,14,99,education
710,710,17,19,4,16,195,financial
711,711,11,18,9,8,106,education
712,712,5,27,3,7,130,software
713,713,9,2,4,6,47,software
714,714,13,5,8,27,102,retail
715,715,3,6,8,8,205,software
716,716,11,22,9,24,106,financial
717,717,2,13,6,23,209,retail
718,718,4,9,6,11,188,realestate
719,719,0,29,5,17,123,pharmaceutical
720,720,11,2,2,22,124,retail
721,721,5,18,2,10,105,realestate
722,722,9,23,4,2,80,pharmaceutical
723,723,8,7,7,9,201,realestate
724,724,1,17,6,16,187,retail
725,725,14,28,8,22,195,financial
726,726,11,7,8,17,102,realestate
727,727,0,8,9,15,123,financial
728,728,5,6,2,18,122,retail
729,729,18,6,4,20,53,financial
730,730,10,11,1,5,133,retail
731,731,14,11,1,23,187,education
732,732,9,24,8,29,44,retail
733,733,10,15,3,9,115,realestate
734,734,1,23,9,0,163,education
735,735,8,18,3,6,110,retail
736,736,7,13,6,9,146,retail
737,737,4,2,7,25,172,retail
738,738,16,19,5,4,155,retail
739,739,9,9,8,19,103,education
740,740,5,3,8,2,100,software
741,741,10,24,5,11,104,retail
742,742,7,22,8,28,158,software
743,743,16,3,0,18,149,software
744,744,18,12,8,1,69,software
745,745,12,11,1,3,104,realestate
746,746,13,27,7,29,97,financial
747,747,4,0,6,0,192,education
748,748,10,19,7,19,121,realestate
749,749,17,9,7,1,196,pharmaceutical
750,750,19,10,4,18,119,pharmaceutical
751,751,19,13,2,18,88,retail
752,752,18,14,0,14,74,software
753,753,11,7,8,13,114,financial
754,754,4,1,0,14,161,realestate
755,755,7,22,9,27,126,software
756,756,1,25,0,11,209,pharmaceutical
757,757,17,24,0,8,195,software
758,758,19,6,0,1,112,software
759,759,18,17,1,29,74,software
760,760,7,29,3,1,154,retail
761,761,3,10,4,23,208,pharmaceutical
762,762,16,9,4,9,162,pharmaceutical
763,763,17,0,4,6,191,pharmaceutical
764,764,16,19,6,22,150,retail
765,765,16,24,8,28,154,retail
766,766,16,6,3,0,161,retail
767,767,9,19,0,4,96,pharmaceutical
768,768,3,20,9,3,185,retail
769,769,15,16,1,17,190,retail
770,770,9,21,6,1,95,realestate
771,771,2,29,6,21,199,realestate
772,772,8,4,5,19,134,pharmaceutical
773,773,16,28,3,26,151,retail
774,774,0,12,8,8,121,financial
775,775,13,15,9,28,114,financial
776,776,19,19,6,16,90,financial
777,777,10,8,4,23,104,software
778,778,3,14,3,29,191,retail
779,779,13,0,5,29,145,pharmaceutical
780,780,11,25,8,1,110,financial
781,781,0,10,6,24,123,realestate
782,782,11,15,2,28,130,realestate
783,783,18,6,0,9,75,retail
784,784,7,28,6,19,162,education
785,785,12,15,8,1,109,education
786,786,3,27,5,13,184,education
787,787,15,24,1,17,209,financial
788,788,9,21,1,5,97,financial
789,789,8,4,2,4,199,realestate
790,790,11,0,6,0,121,pharmaceutical
791,791,17,12,4,5,205,realestate
792,792,12,7,9,25,108,software
793,793,4,1,0,19,169,retail
794,794,7,12,4,4,162,retail
795,795,9,14,7,4,45,realestate
796,796,0,3,2,5,121,retail
797,797,16,17,2,24,162,pharmaceutical
798,798,17,29,0,7,201,retail
799,799,19,29,1,5,91,education
800,800,17,4,6,29,195,retail
801,801,0,0,6,5,120,financial
802,802,2,2,3,12,206,retail
803,803,9,12,5,12,91,financial
804,804,5,0,7,1,126,software
805,805,1,16,3,8,230,education
806,806,1,17,4,17,189,pharmaceutical
807,807,17,21,5,27,190,software
808,808,4,3,1,24,147,retail
809,809,19,4,7,14,77,retail
810,810,19,21,7,27,75,pharmaceutical
811,811,10,2,6,2,137,software
812,812,10,26,3,27,159,realestate
813,813,10,28,8,24,159,financial
814,814,19,13,7,11,104,pharmaceutical
815,815,5,10,0,3,113,financial
816,816,11,7,3,24,129,retail
817,817,18,5,7,4,94,financial
818,818,17,3,1,4,188,pharmaceutical
819,819,11,3,6,1,98,software
820,820,4,2,6,20,136,software
821,821,12,18,7,16,103,realestate
822,822,18,25,3,12,76,retail
823,823,7,11,2,24,167,financial
824,824,18,22,6,26,86,financial
825,825,1,22,4,4,189,software
826,826,2,13,4,17,211,retail
827,827,16,5,3,16,155,realestate
828,828,12,29,4,0,104,pharmaceutical
829,829,1,16,9,10,215,pharmaceutical
830,830,1,3,2,24,165,education
831,831,4,5,8,5,195,education
832,832,5,15,1,10,92,realestate
833,833,14,29,9,20,190,education
834,834,17,9,1,13,190,education
835,835,16,17,7,14,158,financial
836,836,3,28,0,23,189,education
837,837,12,20,1,12,88,financial
838,838,10,7,7,11,139,software
839,839,8,6,9,23,124,retail
840,840,9,10,3,7,64,pharmaceutical
841,841,7,2,5,9,132,pharmaceutical
842,842,13,15,3,26,124,realestate
843,843,3,22,1,23,207,education
844,844,3,19,7,7,202,software
845,845,19,20,0,18,81,education
846,846,3,10,8,4,194,pharmaceutical
847,847,1,23,6,23,173,realestate
848,848,5,25,5,18,136,retail
849,849,10,19,1,7,119,education
850,850,18,22,3,2,91,realestate
851,851,16,24,8,22,152,software
852,852,14,29,1,12,180,financial
853,853,11,27,2,15,111,software
854,854,5,17,5,17,133,pharmaceutical
855,855,13,11,9,23,113,realestate
856,856,18,1,5,27,82,financial
857,857,0,12,3,7,122,pharmaceutical
858,858,4,1,3,10,175,pharmaceutical
859,859,4,7,6,20,136,realestate
860,860,16,16,8,11,153,financial
861,861,8,0,4,11,117,realestate
862,862,7,24,5,5,151,education
863,863,4,28,8,20,134,financial
864,864,13,9,0,6,130,education
865,865,6,8,2,13,63,education
866,866,1,13,4,0,160,financial
867,867,5,11,8,2,124,education
868,868,15,19,5,28,205,financial
869,869,17,3,2,14,202,retail
870,870,18,5,5,22,51,realestate
871,871,7,4,7,15,133,retail
872,872,1,12,4,26,186,realestate
873,873,1,26,0,24,193,education
874,874,9,2,9,5,76,realestate
875,875,15,11,6,11,207,retail
876,876,7,9,7,27,140,education
877,877,15,20,9,1,191,pharmaceutical
878,878,0,19,6,0,119,realestate
879,879,5,14,2,3,112,education
880,880,0,25,0,14,121,pharmaceutical
881,881,7,4,8,25,147,realestate
882,882,1,25,8,18,174,financial
883,883,15,16,0,2,178,pharmaceutical
884,884,8,6,1,21,167,software
885,885,11,15,5,17,99,realestate
886,886,7,15,4,29,143,software
887,887,13,10,3,27,127,realestate
888,888,0,14,2,27,119,realestate
889,889,3,10,3,14,169,financial
890,890,19,12,1,20,111,realestate
891,891,6,23,6,5,79,software
892,892,16,4,7,22,162,education
893,893,19,9,6,19,78,education
894,894,16,21,6,10,158,education
895,895,10,9,6,11,112,education
896,896,15,4,3,4,191,pharmaceutical
897,897,0,20,5,6,123,software
898,898,14,21,2,0,183,financial
899,899,5,20,0,26,136,realestate
900,900,11,18,7,22,138,pharmaceutical
901,901,13,1,1,14,90,retail
902,902,18,15,1,5,67,financial
903,903,1,10,6,22,156,software
904,904,1,6,0,23,158,software
905,905,6,9,4,11,38,realestate
906,906,19,25,5,18,75,financial
907,907,12,21,5,17,103,pharmaceutical
908,908,13,11,3,11,86,realestate
909,909,19,26,7,23,94,retail
910,910,6,9,3,8,49,financial
911,911,14,10,8,24,181,retail
912,912,19,5,1,3,90,software
913,913,7,28,6,26,163,education
914,914,12,27,6,23,88,software
915,915,10,25,8,8,112,software
916,916,0,22,3,26,122,education
917,917,15,16,7,11,178,financial
918,918,5,17,9,3,133,financial
919,919,6,7,6,24,54,education
920,920,4,22,2,4,185,software
921,921,14,3,4,27,190,realestate
922,922,10,21,9,18,101,pharmaceutical
923,923,10,12,6,0,144,pharmaceutical
924,924,1,23,4,7,176,retail
925,925,3,7,8,10,194,retail
926,926,11,18,3,26,105,education
927,927,6,4,4,28,49,pharmaceutical
928,928,9,11,6,1,65,realestate
929,929,8,4,4,11,157,education
930,930,3,28,3,15,193,realestate
931,931,4,4,6,1,153,retail
932,932,17,15,1,6,190,realestate
933,933,2,10,4,5,207,financial
934,934,13,22,1,26,109,education
935,935,6,28,3,7,63,realestate
936,936,1,16,7,5,189,education
937,937,9,29,1,19,43,pharmaceutical
938,938,8,23,7,14,112,retail
939,939,8,20,7,5,156,realestate
940,940,14,3,6,13,178,financial
941,941,1,4,1,26,177,financial
942,942,8,25,2,0,205,retail
943,943,3,9,2,2,176,realestate
944,944,7,3,5,9,132,retail
945,945,11,18,7,12,126,education
946,946,10,25,6,25,89,realestate
947,947,14,27,6,20,178,retail
948,948,16,18,6,19,160,realestate
949,949,19,4,7,26,106,realestate
950,950,10,23,8,25,117,retail
951,951,5,17,4,17,115,retail
952,952,13,1,5,6,135,software
953,953,11,14,2,21,107,financial
954,954,16,2,7,16,162,pharmaceutical
955,955,16,20,0,7,149,retail
956,956,18,8,8,1,94,software
957,957,5,12,6,16,132,retail
958,958,1,18,7,15,204,realestate
959,959,1,21,5,23,175,realestate
960,960,5,5,9,6,133,pharmaceutical
961,961,9,25,2,24,93,education
962,962,14,14,8,17,196,realestate
963,963,11,17,8,23,103,software
964,964,0,15,0,12,121,software
965,965,18,2,2,22,85,retail
966,966,7,17,7,1,155,retail
967,967,11,10,2,23,114,realestate
968,968,17,26,0,23,202,financial
969,969,15,15,1,11,182,financial
970,970,2,6,5,22,200,software
971,971,1,9,4,23,162,realestate
972,972,12,4,4,22,106,pharmaceutical
973,973,19,4,8,25,112,realestate
974,974,6,16,5,8,69,realestate
975,975,12,3,6,24,80,education
976,976,12,11,8,9,86,education
977,977,2,4,4,26,205,financial
978,978,19,8,8,26,84,education
979,979,11,29,9,5,123,realestate
980,980,16,10,6,13,152,pharmaceutical
981,981,3,5,6,25,175,education
982,982,16,7,9,1,158,financial
983,983,9,8,7,24,61,software
984,984,8,3,1,9,179,retail
985,985,16,20,5,19,161,realestate
986,986,11,4,1,29,131,realestate
987,987,8,5,6,24,126,education
988,988,3,9,4,13,168,realestate
989,989,12,19,7,22,82,financial
990,990,14,15,9,21,197,retail
991,991,14,5,6,15,181,financial
992,992,19,5,7,28,116,financial
993,993,8,6,1,28,203,retail
994,994,10,18,6,1,92,realestate
995,995,15,20,2,15,207,software
996,996,9,25,1,9,98,software
997,997,7,18,9,25,127,education
998,998,17,27,2,19,202,financial
999,999,3,26,2,27,200,software
1000,1000,13,6,9,9,95,pharmaceutical
1001,1001,0,7,5,3,120,retail
1002,1002,10,21,6,23,157,software
1003,1003,9,19,8,27,59,software
1004,1004,5,11,6,8,94,software
1005,1005,4,2,9,21,145,realestate
1006,1006,6,16,6,28,46,retail
1007,1007,14,16,6,2,184,financial
1008,1008,5,9,4,20,136,education
1009,1009,13,11,5,16,93,financial
1010,1010,15,3,9,7,215,education
1011,1011,13,6,2,27,137,education
1012,1012,2,15,0,21,203,retail
1013,1013,15,23,1,11,205,education
1014,1014,3,27,8,8,204,education
1015,1015,7,0,5,8,119,realestate
1016,1016,17,15,5,2,197,software
1017,1017,9,4,2,10,43,retail
1018,1018,10,17,7,18,134,education
1019,1019,13,28,7,21,115,pharmaceutical
1020,1020,17,28,9,7,192,realestate
1021,1021,12,13,1,29,95,financial
1022,1022,1,0,0,1,184,realestate
1023,1023,17,21,1,23,194,financial
1024,1024,9,23,2,21,59,pharmaceutical
1025,1025,8,6,3,20,204,retail
1026,1026,7,3,4,16,137,education
1027,1027,19,16,9,3,88,retail
1028,1028,3,27,5,16,165,realestate
1029,1029,3,20,1,29,176,financial
1030,1030,11,21,7,22,92,realestate
1031,1031,3,28,8,24,196,retail
1032,1032,0,14,3,0,121,software
1033,1033,19,18,7,17,74,education
1034,1034,0,24,9,22,122,financial
1035,1035,9,28,6,29,50,retail
1036,1036,0,14,2,29,122,software
1037,1037,12,22,9,4,84,retail
1038,1038,17,14,3,29,199,software
1039,1039,0,26,2,11,121,education
1040,1040,4,4,5,9,164,financial
1041,1041,8,9,8,7,118,pharmaceutical
1042,1042,18,12,4,10,82,pharmaceutical
1043,1043,8,14,6,29,121,software
1044,1044,16,2,9,26,146,retail
1045,1045,4,27,5,20,179,realestate
1046,1046,0,4,9,26,123,pharmaceutical
1047,1047,18,2,9,27,63,financial
1048,1048,4,19,1,24,152,education
1049,1049,7,10,7,15,125,software
1050,1050,9,13,1,0,91,software
1051,1051,5,3,5,14,104,retail
1052,1052,11,29,6,22,136,software
1053,1053,13,24,0,18,134,financial
1054,1054,2,8,3,11,215,financial
1055,1055,19,11,1,27,108,pharmaceutical
1056,1056,13,7,9,2,129,education
1057,1057,10,13,0,26,117,financial
1058,1058,1,25,3,8,202,financial
1059,1059,14,23,4,5,183,education
1060,1060,6,12,3,14,45,education
1061,1061,9,15,9,13,92,software
1062,1062,12,13,8,26,95,pharmaceutical
1063,1063,10,16,6,15,121,financial
1064,1064,11,7,7,6,106,realestate
1065,1065,18,5,8,10,99,pharmaceutical
1066,1066,1,28,2,17,218,software
1067,1067,13,16,2,23,94,financial
1068,1068,18,12,9,11,53,retail
1069,1069,7,20,0,1,158,realestate
1070,1070,10,22,9,21,146,financial
1071,1071,19,9,6,29,94,education
1072,1072,3,1,4,9,186,pharmaceutical
1073,1073,2,25,5,3,202,financial
1074,1074,4,12,3,27,132,software
1075,1075,7,5,6,20,137,software
1076,1076,17,21,0,11,195,education
1077,1077,12,29,8,2,97,software
1078,1078,3,22,0,19,176,education
1079,1079,2,11,7,20,219,pharmaceutical
1080,1080,0,17,2,3,120,pharmaceutical
1081,1081,18,11,6,2,89,retail
1082,1082,7,11,5,14,145,software
1083,1083,6,7,0,19,65,pharmaceutical
1084,1084,13,27,5,29,108,financial
1085,1085,3,2,7,7,178,education
1086,1086,14,1,1,19,195,software
1087,1087,15,19,3,25,211,education
1088,1088,16,17,0,16,146,realestate
1089,1089,6,0,0,14,56,financial
1090,1090,12,8,7,8,91,pharmaceutical
1091,1091,4,19,5,29,133,financial
1092,1092,18,9,0,21,96,pharmaceutical
1093,1093,17,9,6,5,200,education
1094,1094,9,18,1,4,94,retail
1095,1095,5,13,7,19,133,software
1096,1096,6,14,1,27,68,pharmaceutical
1097,1097,2,3,1,24,215,software
1098,1098,15,29,3,8,193,education
1099,1099,5,26,4,5,123,software
1100,1100,10,25,0,28,120,software
1101,1101,18,6,9,10,74,software
1102,1102,2,10,5,18,219,education
1103,1103,18,8,8,15,76,software
1104,1104,15,20,5,16,195,financial
1105,1105,12,20,8,22,99,retail
1106,1106,17,8,4,0,185,financial
1107,1107,0,22,1,18,123,realestate
1108,1108,6,9,3,2,84,financial
1109,1109,5,2,9,25,106,retail
1110,1110,7,13,8,6,123,financial
1111,1111,12,11,5,27,83,software
1112,1112,3,21,9,23,167,retail
1113,1113,18,17,7,1,73,software
1114,1114,10,3,0,16,97,education
1115,1115,2,20,9,22,202,education
1116,1116,15,23,7,0,220,software
1117,1117,7,22,5,12,123,realestate
1118,1118,5,15,5,11,102,realestate
1119,1119,2,22,1,14,205,financial
1120,1120,14,0,6,14,192,pharmaceutical
1121,1121,15,21,8,26,214,retail
1122,1122,12,27,3,17,108,realestate
1123,1123,8,1,1,3,177,financial
1124,1124,12,2,6,10,105,education
1125,1125,0,24,8,21,120,pharmaceutical
1126,1126,13,4,3,26,124,software
1127,1127,19,10,2,29,105,financial
1128,1128,17,10,6,0,197,education
1129,1129,14,15,7,26,184,pharmaceutical
1130,1130,8,13,8,18,205,realestate
1131,1131,9,24,7,19,86,pharmaceutical
1132,1132,4,20,0,18,195,education
1133,1133,19,24,7,8,116,realestate
1134,1134,4,23,5,13,187,financial
1135,1135,5,3,8,21,139,retail
1136,1136,16,11,5,25,150,education
1137,1137,18,13,8,23,86,education
1138,1138,9,16,6,22,64,pharmaceutical
1139,1139,9,13,0,19,63,retail
1140,1140,2,9,6,22,202,software
1141,1141,18,12,3,28,71,education
1142,1142,12,13,9,23,89,pharmaceutical
1143,1143,3,29,8,24,171,education
1144,1144,3,16,6,19,212,retail
1145,1145,14,15,8,8,194,retail
1146,1146,5,19,0,8,95,pharmaceutical
1147,1147,3,24,5,23,173,retail
1148,1148,2,12,6,8,208,pharmaceutical
1149,1149,11,11,6,9,123,education
1150,1150,6,27,8,18,80,retail
1151,1151,7,1,0,12,157,retail
1152,1152,15,5,3,11,211,retail
1153,1153,10,3,4,3,120,pharmaceutical
1154,1154,17,0,3,24,195,realestate
1155,1155,16,12,1,29,146,realestate
1156,1156,15,28,6,19,187,software
1157,1157,4,14,9,20,178,software
1158,1158,9,24,0,24,57,software
1159,1159,4,12,8,26,178,retail
1160,1160,7,0,7,4,145,retail
1161,1161,4,14,5,20,137,software
1162,1162,6,27,1,24,77,realestate
1163,1163,1,21,3,23,206,financial
1164,1164,12,6,8,29,95,pharmaceutical
1165,1165,8,16,1,16,187,financial
1166,1166,18,23,0,0,57,realestate
1167,1167,17,23,0,22,202,financial
1168,1168,9,2,0,28,66,retail
1169,1169,3,7,9,11,194,financial
1170,1170,0,27,6,22,122,financial
1171,1171,0,14,3,1,119,financial
1172,1172,17,5,6,1,194,pharmaceutical
1173,1173,3,23,7,5,167,financial
1174,1174,15,6,5,12,188,retail
1175,1175,3,16,7,24,198,realestate
1176,1176,17,14,3,13,187,financial
1177,1177,19,5,6,11,79,retail
1178,1178,12,24,8,5,79,financial
1179,1179,19,20,5,12,119,realestate
1180,1180,5,24,9,12,136,realestate
1181,1181,17,21,3,12,201,financial
1182,1182,5,16,7,20,104,software
1183,1183,19,6,3,23,72,software
1184,1184,14,25,4,21,192,education
1185,1185,3,12,4,0,202,software
1186,1186,15,10,4,5,199,education
1187,1187,10,20,4,29,143,retail
1188,1188,3,6,8,16,210,retail
1189,1189,3,8,9,21,183,software
1190,1190,13,2,1,1,126,software
1191,1191,1,3,5,8,211,realestate
1192,1192,5,9,2,17,94,realestate
1193,1193,13,19,9,2,125,education
1194,1194,14,23,6,25,179,pharmaceutical
1195,1195,13,16,4,6,91,pharmaceutical
1196,1196,15,20,5,0,182,financial
1197,1197,8,10,8,24,139,education
1198,1198,0,11,8,9,119,software
1199,1199,9,13,7,27,54,realestate
1200,1200,12,1,1,13,100,software
1201,1201,5,27,9,10,92,pharmaceutical
1202,1202,2,21,8,29,217,education
1203,1203,11,24,6,14,110,pharmaceutical
1204,1204,3,16,8,21,189,financial
1205,1205,16,28,2,27,150,financial
1206,1206,4,4,7,2,177,financial
1207,1207,13,26,8,6,88,education
1208,1208,0,19,8,27,122,realestate
1209,1209,9,10,5,11,88,education
1210,1210,11,29,9,24,113,realestate
1211,1211,16,17,0,22,155,financial
1212,1212,8,6,2,14,147,financial
1213,1213,0,14,3,5,120,pharmaceutical
1214,1214,0,0,8,3,122,financial
1215,1215,13,0,3,6,98,software
1216,1216,4,16,0,9,139,retail
1217,1217,13,11,4,1,99,software
1218,1218,18,16,7,27,59,retail
1219,1219,15,15,6,5,192,education
1220,1220,0,18,9,5,119,education
1221,1221,4,18,3,2,150,financial
1222,1222,4,7,6,1,168,financial
1223,1223,9,9,1,2,70,pharmaceutical
1224,1224,19,22,3,26,112,financial
1225,1225,12,1,4,3,104,financial
1226,1226,1,14,6,12,158,realestate
1227,1227,16,28,9,19,153,financial
1228,1228,4,5,4,25,149,financial
1229,1229,3,4,2,28,181,software
1230,1230,7,20,1,9,140,software
1231,1231,2,9,3,5,212,financial
1232,1232,3,11,0,2,179,realestate
1233,1233,13,18,2,24,135,education
1234,1234,19,25,5,11,105,financial
1235,1235,15,6,0,23,187,education
1236,1236,13,1,2,11,112,realestate
1237,1237,6,7,0,7,49,retail
1238,1238,10,22,1,7,124,software
1239,1239,9,3,2,29,52,retail
1240,1240,6,20,5,28,64,financial
1241,1241,15,16,3,4,199,pharmaceutical
1242,1242,10,2,1,20,102,education
1243,1243,19,3,1,7,118,realestate
1244,1244,0,1,0,12,119,realestate
1245,1245,0,12,3,13,121,retail
1246,1246,4,10,4,18,153,realestate
1247,1247,9,28,4,13,90,software
1248,1248,1,16,9,17,216,pharmaceutical
1249,1249,1,20,0,22,206,realestate
1250,1250,10,0,4,3,124,retail
1251,1251,7,27,3,5,130,retail
1252,1252,15,7,3,6,179,software
1253,1253,19,9,4,10,107,retail
1254,1254,2,4,3,16,199,realestate
1255,1255,5,28,2,20,136,retail
1256,1256,9,4,4,28,68,retail
1257,1257,2,15,8,27,208,pharmaceutical
1258,1258,1,0,7,25,236,pharmaceutical
1259,1259,4,24,4,4,135,retail
1260,1260,19,9,4,8,103,education
1261,1261,13,13,4,21,86,realestate
1262,1262,2,22,2,8,210,pharmaceutical
1263,1263,11,8,2,27,113,realestate
1264,1264,7,10,9,13,154,pharmaceutical
1265,1265,10,16,8,8,148,pharmaceutical
1266,1266,7,23,0,5,146,pharmaceutical
1267,1267,8,24,0,29,134,software
1268,1268,6,28,0,28,38,education
1269,1269,11,3,0,13,139,financial
1270,1270,6,22,5,9,54,retail
1271,1271,17,24,2,18,192,financial
1272,1272,5,15,0,20,138,retail
1273,1273,18,10,6,19,56,retail
1274,1274,5,13,5,2,101,realestate
1275,1275,4,0,7,14,138,education
1276,1276,7,10,3,0,140,financial
1277,1277,17,24,2,2,204,education
1278,1278,3,19,9,21,192,software
1279,1279,8,18,7,23,155,realestate
1280,1280,17,23,4,21,205,pharmaceutical
1281,1281,15,20,4,24,200,financial
1282,1282,0,11,8,21,122,pharmaceutical
1283,1283,15,3,7,3,213,software
1284,1284,11,6,5,8,95,pharmaceutical
1285,1285,8,6,6,21,120,software
1286,1286,8,29,1,6,122,realestate
1287,1287,0,29,9,3,122,retail
1288,1288,11,23,5,20,115,pharmaceutical
1289,1289,11,23,7,3,139,retail
1290,1290,12,29,6,4,105,retail
1291,1291,7,13,1,10,123,software
1292,1292,12,28,2,14,103,retail
1293,1293,2,29,2,26,211,software
1294,1294,2,9,3,4,217,financial
1295,1295,12,15,1,12,83,retail
1296,1296,11,25,4,27,134,software
1297,1297,14,11,4,26,187,retail
1298,1298,14,15,7,14,184,financial
1299,1299,2,28,0,6,212,pharmaceutical
1300,1300,18,8,7,28,85,financial
1301,1301,17,13,9,27,188,realestate
1302,1302,7,28,5,25,126,realestate
1303,1303,12,26,7,28,102,software
1304,1304,18,4,1,2,97,realestate
1305,1305,17,12,2,24,204,realestate
1306,1306,16,26,4,12,156,financial
1307,1307,3,21,1,13,217,education
1308,1308,0,23,0,4,119,software
1309,1309,12,10,4,19,101,pharmaceutical
1310,1310,1,29,7,25,233,software
1311,1311,17,24,4,14,193,pharmaceutical
1312,1312,4,5,6,1,162,software
1313,1313,6,13,4,10,41,realestate
1314,1314,6,24,1,0,67,pharmaceutical
1315,1315,9,0,5,21,98,education
1316,1316,12,10,0,13,106,pharmaceutical
1317,1317,19,11,3,5,73,realestate
1318,1318,1,12,1,5,214,pharmaceutical
1319,1319,14,5,2,13,178,pharmaceutical
1320,1320,12,13,1,19,83,financial
1321,1321,14,15,8,8,182,pharmaceutical
1322,1322,1,14,0,20,179,software
1323,1323,3,20,2,17,212,financial
1324,1324,16,11,7,1,147,financial
1325,1325,3,3,4,27,192,education
1326,1326,15,6,3,26,195,retail
1327,1327,2,2,3,21,206,financial
1328,1328,13,0,9,28,132,financial
1329,1329,13,20,7,13,129,education
1330,1330,12,16,0,28,108,software
1331,1331,17,5,7,23,197,education
1332,1332,1,8,4,26,159,financial
1333,1333,3,11,0,18,199,pharmaceutical
1334,1334,2,10,3,29,204,realestate
1335,1335,19,23,2,10,102,financial
1336,1336,17,20,3,28,205,software
1337,1337,5,1,3,7,95,education
1338,1338,19,0,2,27,99,pharmaceutical
1339,1339,3,8,3,27,173,pharmaceutical
1340,1340,16,14,3,5,153,financial
1341,1341,19,25,8,23,76,retail
1342,1342,5,21,9,20,109,financial
1343,1343,9,21,4,3,93,realestate
1344,1344,5,9,5,9,102,realestate
1345,1345,15,22,5,22,211,pharmaceutical
1346,1346,17,26,7,1,196,pharmaceutical
1347,1347,13,6,3,6,144,realestate
1348,1348,15,19,9,17,190,education
1349,1349,13,8,2,22,117,education
1350,1350,14,21,9,0,192,pharmaceutical
1351,1351,0,9,5,17,119,realestate
1352,1352,1,5,7,26,156,education
1353,1353,0,0,7,12,123,software
1354,1354,7,9,9,12,163,education
1355,1355,10,2,2,18,132,financial
1356,1356,2,10,0,21,215,financial
1357,1357,14,27,0,29,182,retail
1358,1358,16,11,9,26,153,education
1359,1359,8,11,8,12,199,education
1360,1360,7,13,8,13,146,retail
1361,1361,12,27,9,15,82,financial
1362,1362,2,6,4,8,212,pharmaceutical
1363,1363,13,11,6,29,95,education
1364,1364,0,13,0,16,121,realestate
1365,1365,17,27,4,23,201,retail
1366,1366,2,26,5,9,204,education
1367,1367,4,28,7,12,164,realestate
1368,1368,13,25,9,23,132,pharmaceutical
1369,1369,14,22,0,25,195,pharmaceutical
1370,1370,14,28,7,5,191,education
1371,1371,14,19,7,28,187,software
1372,1372,1,11,9,3,155,retail
1373,1373,12,15,7,8,104,software
1374,1374,4,20,6,18,179,realestate
1375,1375,3,18,8,0,215,retail
1376,1376,5,22,1,20,115,financial
1377,1377,10,10,3,16,125,financial
1378,1378,9,2,0,0,61,financial
1379,1379,13,29,1,22,97,retail
1380,1380,15,28,8,26,218,retail
1381,1381,8,27,5,6,130,retail
1382,1382,15,26,9,20,215,pharmaceutical
1383,1383,13,29,5,10,114,software
1384,1384,18,7,9,17,76,software
1385,1385,5,16,1,1,106,pharmaceutical
1386,1386,12,5,0,27,96,realestate
1387,1387,5,24,2,13,138,education
1388,1388,14,7,5,24,188,realestate
1389,1389,17,12,0,28,185,software
1390,1390,1,14,6,24,176,realestate
1391,1391,19,13,9,27,88,realestate
1392,1392,14,21,7,29,183,education
1393,1393,3,20,4,8,179,pharmaceutical
1394,1394,18,8,8,3,89,realestate
1395,1395,6,17,4,6,61,software
1396,1396,18,9,4,4,58,education
1397,1397,7,17,2,20,146,software
1398,1398,4,17,1,22,146,realestate
1399,1399,15,20,4,28,199,education
1400,1400,3,7,9,8,216,realestate
1401,1401,16,4,5,4,162,retail
1402,1402,2,6,8,23,199,education
1403,1403,15,7,9,14,207,pharmaceutical
1404,1404,2,2,1,28,202,realestate
1405,1405,14,17,2,3,189,retail
1406,1406,9,0,2,17,43,education
1407,1407,11,1,8,22,141,realestate
1408,1408,0,18,6,28,122,education
1409,1409,10,0,4,12,133,realestate
1410,1410,15,1,4,6,196,pharmaceutical
1411,1411,16,6,2,20,152,pharmaceutical
1412,1412,4,16,9,4,149,pharmaceutical
1413,1413,10,16,5,19,145,education
1414,1414,7,2,2,19,129,financial
1415,1415,10,25,9,25,141,retail
1416,1416,15,27,2,5,199,pharmaceutical
1417,1417,0,23,7,11,122,realestate
1418,1418,6,8,8,2,66,education
1419,1419,12,28,7,29,93,pharmaceutical
1420,1420,17,28,1,14,193,pharmaceutical
1421,1421,3,12,3,5,165,financial
1422,1422,3,25,9,26,168,financial
1423,1423,18,19,7,23,88,software
1424,1424,2,5,2,28,219,education
1425,1425,2,4,2,17,203,pharmaceutical
1426,1426,5,18,8,17,132,realestate
1427,1427,16,3,1,29,152,realestate
1428,1428,7,5,1,29,160,pharmaceutical
1429,1429,10,11,2,4,154,retail
1430,1430,19,29,9,24,100,financial
1431,1431,10,11,8,5,141,realestate
1432,1432,3,11,8,3,209,pharmaceutical
1433,1433,18,24,8,3,102,education
1434,1434,13,10,2,6,143,realestate
1435,1435,5,13,3,11,113,retail
1436,1436,15,9,4,18,214,realestate
1437,1437,5,25,4,6,116,software
1438,1438,5,5,9,15,101,software
1439,1439,6,7,6,4,44,education
1440,1440,10,13,8,20,154,pharmaceutical
1441,1441,16,29,7,13,148,pharmaceutical
1442,1442,17,20,7,14,198,software
1443,1443,10,28,0,0,152,retail
1444,1444,2,13,3,14,213,education
1445,1445,10,25,1,15,150,software
1446,1446,19,13,0,1,89,pharmaceutical
1447,1447,6,15,2,25,52,education
1448,1448,11,18,7,11,118,realestate
1449,1449,18,13,5,15,52,retail
1450,1450,7,5,1,1,134,realestate
1451,1451,19,15,3,14,115,software
1452,1452,14,2,8,25,199,pharmaceutical
1453,1453,12,6,3,27,78,retail
1454,1454,6,16,5,29,46,software
1455,1455,2,9,9,28,219,financial
1456,1456,10,4,3,21,99,education
1457,1457,16,17,8,8,162,pharmaceutical
1458,1458,16,4,9,25,154,education
1459,1459,6,29,1,26,65,software
1460,1460,4,10,7,25,165,software
1461,1461,16,11,3,2,148,pharmaceutical
1462,1462,16,4,1,3,156,education
1463,1463,4,21,8,10,139,financial
1464,1464,1,5,7,11,234,financial
1465,1465,9,25,7,10,61,realestate
1466,1466,12,21,5,0,83,education
1467,1467,2,17,8,19,202,retail
1468,1468,16,20,1,10,146,education
1469,1469,5,1,0,17,123,financial
1470,1470,16,21,6,1,155,financial
1471,1471,3,19,0,17,185,education
1472,1472,6,9,4,27,72,pharmaceutical
1473,1473,16,10,1,18,147,software
1474,1474,12,29,2,6,84,financial
1475,1475,18,11,5,15,98,realestate
1476,1476,2,20,5,18,200,software
1477,1477,16,8,5,2,160,financial
1478,1478,10,5,7,24,111,pharmaceutical
1479,1479,17,13,7,17,184,retail
1480,1480,12,0,4,8,99,retail
1481,1481,3,5,3,20,211,software
1482,1482,10,7,5,21,111,education
1483,1483,2,0,3,22,199,education
1484,1484,9,18,5,5,105,realestate
1485,1485,0,11,3,6,120,pharmaceutical
1486,1486,1,5,6,27,215,retail
1487,1487,6,17,8,6,39,realestate
1488,1488,16,23,6,4,157,financial
1489,1489,2,18,4,20,218,pharmaceutical
1490,1490,13,11,9,24,125,pharmaceutical
1491,1491,2,20,0,28,219,software
1492,1492,8,10,5,22,127,education
1493,1493,3,5,4,8,171,financial
1494,1494,14,12,3,11,183,retail
1495,1495,18,29,9,6,57,education
1496,1496,13,27,0,16,108,realestate
1497,1497,16,2,0,7,147,retail
1498,1498,15,17,6,10,185,pharmaceutical
1499,1499,16,29,7,26,149,pharmaceutical
1500,1500,14,26,5,18,191,retail
1501,1501,6,3,7,14,55,education
1502,1502,13,16,1,24,107,education
1503,1503,18,21,0,20,78,financial
1504,1504,9,22,5,16,58,education
1505,1505,5,26,8,9,116,financial
1506,1506,17,5,4,7,194,pharmaceutical
1507,1507,6,13,9,25,77,retail
1508,1508,3,25,7,0,192,retail
1509,1509,4,5,2,6,150,education
1510,1510,16,10,8,8,152,pharmaceutical
1511,1511,4,13,2,16,177,education
1512,1512,16,17,8,1,158,pharmaceutical
1513,1513,6,29,2,26,48,education
1514,1514,15,12,9,7,213,retail
1515,1515,9,16,0,11,84,software
1516,1516,2,17,0,17,208,pharmaceutical
1517,1517,4,15,0,21,151,realestate
1518,1518,1,24,8,24,189,financial
1519,1519,10,20,2,22,146,software
1520,1520,10,5,5,13,144,pharmaceutical
1521,1521,0,8,5,19,119,financial
1522,1522,1,17,4,9,163,software
1523,1523,2,20,7,27,210,realestate
1524,1524,19,16,0,6,100,pharmaceutical
1525,1525,14,15,4,20,198,pharmaceutical
1526,1526,2,17,3,22,209,retail
1527,1527,18,8,0,17,92,retail
1528,1528,10,23,4,12,108,software
1529,1529,16,11,6,12,154,financial
1530,1530,3,13,5,5,205,retail
1531,1531,12,23,7,24,105,education
1532,1532,16,15,7,21,154,software
1533,1533,1,3,1,15,229,pharmaceutical
1534,1534,8,5,7,26,196,financial
1535,1535,0,3,2,6,120,pharmaceutical
1536,1536,7,17,9,19,150,retail
1537,1537,8,11,7,4,132,retail
1538,1538,18,7,8,26,98,pharmaceutical
1539,1539,4,4,7,6,141,realestate
1540,1540,9,23,3,18,78,financial
1541,1541,11,12,3,28,132,realestate
1542,1542,7,11,2,22,162,pharmaceutical
1543,1543,14,4,8,3,197,pharmaceutical
1544,1544,4,24,7,2,136,pharmaceutical
1545,1545,4,17,8,23,167,education
1546,1546,1,17,4,29,168,pharmaceutical
1547,1547,15,24,8,3,199,financial
1548,1548,6,13,4,1,55,realestate
1549,1549,10,12,2,20,143,realestate
1550,1550,17,20,3,5,204,software
1551,1551,15,1,7,6,212,retail
1552,1552,13,9,5,24,87,realestate
1553,1553,9,10,3,29,104,retail
1554,1554,17,27,8,10,202,software
1555,1555,3,6,0,16,173,retail
1556,1556,13,28,9,3,144,realestate
1557,1557,13,23,6,5,99,retail
1558,1558,8,6,8,21,129,financial
1559,1559,0,16,7,28,123,retail
1560,1560,14,12,9,29,190,realestate
1561,1561,9,9,1,13,103,education
1562,1562,2,28,6,14,211,software
1563,1563,6,24,8,9,66,pharmaceutical
1564,1564,3,29,6,16,205,software
1565,1565,17,25,5,26,189,pharmaceutical
1566,1566,18,26,6,0,95,realestate
1567,1567,17,18,8,24,202,software
1568,1568,16,12,3,5,150,education
1569,1569,12,2,0,24,105,financial
1570,1570,16,7,8,2,153,education
1571,1571,13,19,7,20,116,pharmaceutical
1572,1572,13,13,4,26,140,financial
1573,1573,11,27,5,6,91,financial
1574,1574,0,28,3,16,119,financial
1575,1575,8,25,8,15,138,realestate
1576,1576,19,1,5,20,90,software
1577,1577,9,6,9,15,74,education
1578,1578,2,23,2,20,206,realestate
1579,1579,14,15,3,18,185,retail
1580,1580,4,25,5,27,170,education
1581,1581,8,18,2,9,174,financial
1582,1582,2,11,3,24,217,realestate
1583,1583,0,14,6,29,119,software
1584,1584,4,4,0,15,187,education
1585,1585,2,19,4,12,204,retail
1586,1586,7,25,5,10,143,financial
1587,1587,14,25,3,9,184,education
1588,1588,11,9,6,29,118,realestate
1589,1589,12,24,2,12,98,software
1590,1590,11,9,6,19,118,financial
1591,1591,15,4,1,8,196,education
1592,1592,15,27,9,1,215,software
1593,1593,19,26,1,7,117,pharmaceutical
1594,1594,9,20,1,29,65,pharmaceutical
1595,1595,2,5,6,23,205,financial
1596,1596,1,5,9,8,171,education
1597,1597,17,9,6,4,199,realestate
1598,1598,15,15,6,7,209,software
1599,1599,8,29,8,11,197,software
1600,1600,0,21,7,12,122,pharmaceutical
1601,1601,2,25,9,16,209,retail
1602,1602,4,12,4,5,174,pharmaceutical
1603,1603,5,11,9,24,100,software
1604,1604,2,20,3,16,205,retail
1605,1605,14,6,3,1,198,realestate
1606,1606,2,26,3,28,217,pharmaceutical
1607,1607,5,8,6,5,135,pharmaceutical
1608,1608,15,28,9,14,199,retail
1609,1609,12,1,1,11,87,financial
1610,1610,9,9,3,17,48,education
1611,1611,8,4,5,22,161,realestate
1612,1612,4,22,1,6,170,retail
1613,1613,1,11,7,6,170,retail
1614,1614,11,13,8,26,117,financial
1615,1615,13,2,0,4,98,retail
1616,1616,9,15,1,7,86,education
1617,1617,2,6,5,2,210,financial
1618,1618,9,16,3,18,96,education
1619,1619,17,29,1,18,184,software
1620,1620,8,27,1,26,166,retail
1621,1621,19,1,1,11,119,software
1622,1622,15,26,7,10,205,education
1623,1623,3,24,7,16,188,financial
1624,1624,9,1,4,13,73,education
1625,1625,9,15,0,1,68,education
1626,1626,13,14,6,3,95,education
1627,1627,12,16,3,6,93,financial
1628,1628,0,4,0,14,123,retail
1629,1629,15,11,6,6,214,retail
1630,1630,10,2,8,24,146,realestate
1631,1631,5,28,2,18,135,retail
1632,1632,18,3,4,2,87,financial
1633,1633,10,25,3,4,100,pharmaceutical
1634,1634,16,24,6,12,153,realestate
1635,1635,12,8,4,25,79,financial
1636,1636,12,23,1,5,84,realestate
1637,1637,7,8,2,26,147,realestate
1638,1638,2,18,9,15,204,pharmaceutical
1639,1639,13,19,4,4,97,education
1640,1640,18,24,5,23,73,software
1641,1641,14,15,4,0,196,realestate
1642,1642,18,10,6,20,76,retail
1643,1643,7,22,2,17,134,pharmaceutical
1644,1644,15,0,3,17,206,realestate
1645,1645,17,10,4,27,190,realestate
1646,1646,17,19,2,7,185,pharmaceutical
1647,1647,19,24,0,10,116,realestate
1648,1648,14,9,0,14,196,financial
1649,1649,19,18,1,1,96,retail
1650,1650,9,23,2,28,58,pharmaceutical
1651,1651,1,8,6,9,173,realestate
1652,1652,4,2,5,1,192,software
1653,1653,10,28,4,15,97,realestate
1654,1654,9,29,6,10,50,retail
1655,1655,8,11,7,12,113,retail
1656,1656,18,28,7,19,99,education
1657,1657,11,9,0,26,102,software
1658,1658,0,3,7,21,119,software
1659,1659,0,28,6,28,121,pharmaceutical
1660,1660,15,25,8,24,199,education
1661,1661,6,3,6,15,57,software
1662,1662,3,21,4,5,215,retail
1663,1663,5,12,5,15,98,education
1664,1664,19,2,2,17,74,realestate
1665,1665,8,18,0,22,113,pharmaceutical
1666,1666,6,9,9,8,86,financial
1667,1667,18,18,8,29,100,financial
1668,1668,19,6,8,7,73,retail
1669,1669,18,21,8,19,62,retail
1670,1670,3,7,5,3,187,education
1671,1671,9,5,5,13,84,education
1672,1672,1,13,0,4,176,realestate
1673,1673,18,13,8,26,63,retail
1674,1674,17,4,4,20,201,education
1675,1675,17,4,5,6,183,realestate
1676,1676,4,26,8,22,156,retail
1677,1677,8,24,2,28,136,pharmaceutical
1678,1678,15,16,2,4,204,pharmaceutical
1679,1679,17,8,3,28,204,software
1680,1680,4,11,0,1,166,retail
1681,1681,7,0,0,29,158,realestate
1682,1682,17,14,6,5,190,pharmaceutical
1683,1683,6,2,0,10,40,financial
1684,1684,12,10,7,10,106,realestate
1685,1685,2,0,0,25,200,financial
1686,1686,5,28,2,27,101,software
1687,1687,11,6,3,0,131,software
1688,1688,4,5,6,4,146,software
1689,1689,15,10,2,13,202,retail
1690,1690,7,8,7,25,126,software
1691,1691,2,15,4,3,217,education
1692,1692,7,17,9,17,157,software
1693,1693,3,13,1,27,192,financial
1694,1694,11,3,3,0,93,retail
1695,1695,15,21,1,27,187,retail
1696,1696,11,15,6,26,122,education
1697,1697,3,25,4,4,195,software
1698,1698,1,10,0,3,157,software
1699,1699,19,16,2,4,115,pharmaceutical
1700,1700,12,15,5,4,85,pharmaceutical
1701,1701,3,24,2,2,177,financial
1702,1702,19,24,7,29,71,software
1703,1703,16,7,5,5,154,pharmaceutical
1704,1704,3,19,4,26,178,software
1705,1705,13,24,0,5,86,software
1706,1706,14,4,0,2,195,software
1707,1707,11,24,3,7,124,retail
1708,1708,19,9,9,6,91,education
1709,1709,6,29,2,26,73,retail
1710,1710,10,22,6,2,96,retail
1711,1711,12,4,3,23,103,pharmaceutical
1712,1712,11,6,3,3,104,retail
1713,1713,2,5,9,16,215,education
1714,1714,7,10,9,9,146,pharmaceutical
1715,1715,3,12,6,13,217,financial
1716,1716,10,2,4,19,154,education
1717,1717,14,1,0,11,190,financial
1718,1718,14,22,7,25,192,education
1719,1719,0,3,6,11,119,retail
1720,1720,9,9,0,23,58,education
1721,1721,3,21,6,8,169,software
1722,1722,7,4,3,16,127,retail
1723,1723,10,17,8,19,107,software
1724,1724,7,12,6,19,154,realestate
1725,1725,12,11,4,22,101,financial
1726,1726,18,24,2,9,52,education
1727,1727,7,4,0,20,120,retail
1728,1728,18,8,4,13,95,education
1729,1729,4,12,1,21,130,education
1730,1730,4,12,6,10,171,financial
1731,1731,11,14,6,11,115,software
1732,1732,2,5,2,16,207,pharmaceutical
1733,1733,6,23,7,6,38,education
1734,1734,18,1,4,15,78,software
1735,1735,15,12,6,12,207,software
1736,1736,14,19,3,17,181,realestate
1737,1737,15,27,0,6,216,software
1738,1738,13,2,4,26,133,retail
1739,1739,13,9,4,7,115,pharmaceutical
1740,1740,0,17,1,7,119,software
1741,1741,16,24,1,18,160,software
1742,1742,9,16,2,18,85,pharmaceutical
1743,1743,15,21,1,27,185,education
1744,1744,14,15,3,19,190,realestate
1745,1745,13,12,4,18,133,retail
1746,1746,1,8,0,9,181,retail
1747,1747,18,25,2,0,61,education
1748,1748,0,27,9,11,121,pharmaceutical
1749,1749,10,8,0,15,94,software
1750,1750,13,29,9,23,110,pharmaceutical
1751,1751,18,15,8,22,75,software
1752,1752,14,18,3,27,178,realestate
1753,1753,12,2,4,11,104,software
1754,1754,14,22,0,25,199,education
1755,1755,11,9,8,8,138,pharmaceutical
1756,1756,19,6,5,8,75,financial
1757,1757,3,28,4,20,175,realestate
1758,1758,19,4,8,21,98,education
1759,1759,2,10,7,15,204,education
1760,1760,11,21,0,16,114,financial
1761,1761,6,24,7,12,66,software
1762,1762,17,29,0,6,200,education
1763,1763,14,4,4,19,198,financial
1764,1764,17,24,8,3,190,retail
1765,1765,4,21,8,28,161,retail
1766,1766,1,15,9,3,203,retail
1767,1767,9,4,4,19,97,pharmaceutical
1768,1768,16,27,5,24,161,software
1769,1769,16,15,2,4,147,retail
1770,1770,14,12,8,27,182,financial
1771,1771,0,5,5,10,120,software
1772,1772,16,5,5,17,149,financial
1773,1773,1,14,5,27,235,realestate
1774,1774,5,0,3,26,99,education
1775,1775,15,28,2,8,179,retail
1776,1776,3,14,0,12,212,retail
1777,1777,8,10,2,7,132,pharmaceutical
1778,1778,10,5,5,10,129,pharmaceutical
1779,1779,18,7,2,15,98,realestate
1780,1780,10,2,9,8,108,software
1781,1781,10,5,5,8,141,software
1782,1782,9,5,3,4,96,financial
1783,1783,5,6,1,0,105,pharmaceutical
1784,1784,10,14,9,5,103,software
1785,1785,17,21,4,1,196,education
1786,1786,6,27,2,4,79,realestate
1787,1787,7,25,0,25,128,financial
1788,1788,11,4,9,26,129,software
1789,1789,6,26,6,2,80,pharmaceutical
1790,1790,15,9,4,6,195,retail
1791,1791,19,7,5,22,93,realestate
1792,1792,4,20,0,2,177,software
1793,1793,3,17,5,25,202,education
1794,1794,14,3,4,21,194,software
1795,1795,15,11,7,4,200,software
1796,1796,18,0,9,8,99,software
1797,1797,12,10,8,16,98,software
1798,1798,11,10,6,0,135,pharmaceutical
1799,1799,6,3,2,23,48,retail
1800,1800,10,9,2,16,147,education
1801,1801,3,27,6,23,192,retail
1802,1802,17,5,5,6,189,pharmaceutical
1803,1803,17,6,1,24,188,education
1804,1804,14,2,4,1,183,software
1805,1805,16,21,5,7,154,education
1806,1806,2,5,9,6,205,financial
1807,1807,3,21,4,22,194,pharmaceutical
1808,1808,4,1,7,20,139,pharmaceutical
1809,1809,11,22,7,15,126,realestate
1810,1810,9,22,5,21,104,pharmaceutical
1811,1811,18,0,5,7,63,pharmaceutical
1812,1812,19,29,9,27,83,education
1813,1813,6,27,6,27,71,education
1814,1814,7,0,7,3,132,realestate
1815,1815,18,4,7,8,83,realestate
1816,1816,8,25,1,17,166,realestate
1817,1817,11,11,0,16,113,retail
1818,1818,2,19,7,24,218,education
1819,1819,16,20,0,2,151,software
1820,1820,12,17,9,4,86,financial
1821,1821,15,2,7,13,190,pharmaceutical
1822,1822,17,7,7,6,184,retail
1823,1823,15,3,6,10,203,pharmaceutical
1824,1824,11,13,4,20,111,software
1825,1825,0,12,2,14,123,realestate
1826,1826,17,20,8,10,185,pharmaceutical
1827,1827,16,6,8,4,146,retail
1828,1828,7,11,2,19,139,pharmaceutical
1829,1829,13,8,9,9,141,pharmaceutical
1830,1830,17,20,3,6,204,financial
1831,1831,19,6,5,21,86,realestate
1832,1832,16,21,5,27,153,software
1833,1833,1,13,6,19,172,pharmaceutical
1834,1834,10,24,2,1,90,financial
1835,1835,11,27,7,22,104,retail
1836,1836,18,20,8,3,78,pharmaceutical
1837,1837,7,18,0,8,124,realestate
1838,1838,15,13,6,21,210,retail
1839,1839,11,7,2,27,118,financial
1840,1840,10,21,7,10,145,financial
1841,1841,9,5,8,7,44,pharmaceutical
1842,1842,4,24,3,11,163,financial
1843,1843,4,16,7,26,156,realestate
1844,1844,6,26,5,25,73,education
1845,1845,10,18,0,18,150,financial
1846,1846,18,26,3,11,52,financial
1847,1847,12,28,6,28,96,education
1848,1848,15,7,1,12,184,realestate
1849,1849,10,19,9,14,144,realestate
1850,1850,1,13,8,20,209,retail
1851,1851,15,12,8,10,212,pharmaceutical
1852,1852,12,16,6,8,81,education
1853,1853,1,14,5,16,180,education
1854,1854,18,1,7,0,56,software
1855,1855,9,23,5,27,85,software
1856,1856,8,5,0,2,119,realestate
1857,1857,12,14,0,8,103,financial
1858,1858,13,19,2,4,88,software
1859,1859,7,23,0,13,156,software
1860,1860,2,22,8,4,203,pharmaceutical
1861,1861,17,25,8,6,191,realestate
1862,1862,11,12,1,9,97,retail
1863,1863,4,4,4,3,178,education
1864,1864,6,8,2,23,61,software
1865,1865,17,0,9,28,199,financial
1866,1866,1,11,3,9,172,financial
1867,1867,13,2,5,6,102,realestate
1868,1868,9,8,5,24,82,pharmaceutical
1869,1869,2,17,1,8,202,education
1870,1870,8,29,5,29,147,pharmaceutical
1871,1871,0,25,9,2,120,software
1872,1872,13,0,6,29,103,pharmaceutical
1873,1873,14,19,6,7,196,pharmaceutical
1874,1874,6,0,7,4,61,retail
1875,1875,2,28,4,9,203,pharmaceutical
1876,1876,6,26,1,26,75,software
1877,1877,3,10,0,13,182,software
1878,1878,19,25,6,1,79,pharmaceutical
1879,1879,19,5,4,8,112,software
1880,1880,12,25,0,29,108,realestate
1881,1881,13,28,8,8,90,financial
1882,1882,13,26,2,17,105,education
1883,1883,1,27,7,18,186,software
1884,1884,18,8,4,11,95,realestate
1885,1885,5,17,5,0,114,realestate
1886,1886,13,21,4,2,99,education
1887,1887,13,26,1,25,143,education
1888,1888,1,24,0,22,219,software
1889,1889,1,10,6,23,168,software
1890,1890,6,27,1,11,86,realestate
1891,1891,1,18,6,18,182,software
1892,1892,3,22,0,5,178,education
1893,1893,11,5,6,7,104,pharmaceutical
1894,1894,8,10,4,23,136,software
1895,1895,11,21,1,8,125,financial
1896,1896,11,24,0,5,124,software
1897,1897,17,14,5,1,184,retail
1898,1898,10,23,4,5,159,software
1899,1899,3,14,3,2,172,software
1900,1900,2,13,2,9,216,education
1901,1901,15,15,9,26,198,education
1902,1902,6,22,5,2,55,retail
1903,1903,1,3,9,10,218,retail
1904,1904,8,1,0,4,124,financial
1905,1905,12,29,3,27,94,realestate
1906,1906,19,20,7,24,87,financial
1907,1907,9,29,6,2,85,education
1908,1908,0,29,4,26,119,education
1909,1909,8,29,0,13,157,realestate
1910,1910,1,9,3,6,167,realestate
1911,1911,8,15,1,5,148,pharmaceutical
1912,1912,19,28,8,7,112,financial
1913,1913,17,19,1,14,193,realestate
1914,1914,12,16,9,7,94,software
1915,1915,12,16,4,20,96,software
1916,1916,15,27,9,12,195,financial
1917,1917,9,3,2,5,103,pharmaceutical
1918,1918,7,1,8,24,138,education
1919,1919,12,0,5,25,102,pharmaceutical
1920,1920,12,19,0,19,79,software
1921,1921,8,19,0,21,149,software
1922,1922,19,6,4,26,97,pharmaceutical
1923,1923,15,26,3,25,180,education
1924,1924,8,22,1,12,186,realestate
1925,1925,8,20,8,7,159,pharmaceutical
1926,1926,8,21,1,4,152,education
1927,1927,10,19,3,12,148,education
1928,1928,13,27,7,23,125,realestate
1929,1929,6,22,2,15,78,realestate
1930,1930,9,25,7,1,58,software
1931,1931,12,26,5,0,107,realestate
1932,1932,13,23,1,8,96,retail
1933,1933,3,2,2,13,179,software
1934,1934,1,26,9,11,202,pharmaceutical
1935,1935,15,5,8,22,216,pharmaceutical
1936,1936,16,20,8,26,152,retail
1937,1937,5,23,1,16,92,realestate
1938,1938,2,5,0,10,205,pharmaceutical
1939,1939,5,25,2,26,115,realestate
1940,1940,2,3,2,28,203,pharmaceutical
1941,1941,16,25,9,3,159,education
1942,1942,5,21,0,2,102,pharmaceutical
1943,1943,15,9,9,24,186,software
1944,1944,7,4,9,27,143,pharmaceutical
1945,1945,2,1,9,18,213,realestate
1946,1946,8,2,3,22,206,software
1947,1947,17,8,9,1,196,retail
1948,1948,1,4,6,18,171,realestate
1949,1949,14,6,5,17,191,retail
1950,1950,19,27,1,7,106,software
1951,1951,17,14,8,21,187,financial
1952,1952,11,4,2,29,132,financial
1953,1953,16,26,7,0,157,pharmaceutical
1954,1954,6,8,6,14,82,financial
1955,1955,7,29,6,5,147,realestate
1956,1956,3,12,2,4,201,education
1957,1957,18,22,5,26,89,retail
1958,1958,17,0,8,21,198,pharmaceutical
1959,1959,1,25,5,18,209,software
1960,1960,10,16,5,16,151,software
1961,1961,3,0,6,0,186,education
1962,1962,19,26,8,0,94,retail
1963,1963,10,2,2,13,124,financial
1964,1964,6,15,5,5,81,education
1965,1965,7,21,5,18,166,pharmaceutical
1966,1966,0,19,8,4,122,financial
1967,1967,1,4,5,26,203,financial
1968,1968,1,11,3,9,217,retail
1969,1969,2,10,5,12,216,retail
1970,1970,1,22,1,4,172,financial
1971,1971,7,19,6,9,133,software
1972,1972,7,20,0,28,157,realestate
1973,1973,1,6,8,10,234,pharmaceutical
1974,1974,6,1,9,28,48,financial
1975,1975,2,4,6,6,199,realestate
1976,1976,18,29,3,9,93,education
1977,1977,15,5,5,23,201,pharmaceutical
1978,1978,16,22,7,6,153,financial
1979,1979,0,3,8,14,119,realestate
1980,1980,3,14,8,8,195,realestate
1981,1981,5,18,3,6,95,realestate
1982,1982,18,17,7,9,56,software
1983,1983,5,20,6,21,116,pharmaceutical
1984,1984,12,17,2,8,78,realestate
1985,1985,18,2,3,20,64,retail
1986,1986,18,1,9,27,72,software
1987,1987,2,8,3,26,209,pharmaceutical
1988,1988,12,23,4,17,103,financial
1989,1989,11,11,8,20,134,pharmaceutical
1990,1990,16,27,3,15,161,financial
1991,1991,3,10,2,19,207,realestate
1992,1992,10,27,0,25,127,financial
1993,1993,14,21,7,14,189,financial
1994,1994,6,9,7,13,84,pharmaceutical
1995,1995,7,26,2,24,146,financial
1996,1996,2,14,0,9,207,education
1997,1997,18,28,1,21,91,pharmaceutical
1998,1998,8,6,0,13,170,realestate
1999,1999,11,27,6,23,97,financial
